Symbol,Date
TIMETECHNO.NS,20211201
TINPLATE.NS,20211201
TCI.NS,20211201
TRIVENI.NS,20211201
VSTTILLERS.NS,20211201
VESUVIUS.NS,20211201
VOLTAMP.NS,20211201
WELENT.NS,20211201
TIMETECHNO.NS,20211201
TINPLATE.NS,20211201
TCI.NS,20211201
TRIVENI.NS,20211201
VSTTILLERS.NS,20211201
VESUVIUS.NS,20211201
VOLTAMP.NS,20211201
WELENT.NS,20211201
TIMETECHNO.NS,20211201
TINPLATE.NS,20211201
TCI.NS,20211201
TRIVENI.NS,20211201
VSTTILLERS.NS,20211201
VESUVIUS.NS,20211201
VOLTAMP.NS,20211201
WELENT.NS,20211201
